body,subreddit,link_id,retrieved_on,artist,toxicity_score,toxicity_label
I'd dump my load over her face,ArianaGrandeLewd,t3_10mwt69,2023-02-11 06:01:43,Ariana Grande,0.60311776,toxic
He‚Äôs garbage as much as the next guy,popculturechat,t3_10u5c69,2023-03-08 09:04:07,Rihanna,0.6611249,toxic
"*I lick your pussy.* ""Mmmm so delicious mommy.""",Celebrity_Fantasies,t3_15tji4u,2023-08-18 01:52:56,Olivia Rodrigo,0.8299589,toxic
Lol have fun with your miserable life,TaylorSwift,t3_13ma2x7,2023-07-27 12:09:17,Taylor Swift,0.6544696,toxic
"Petite Ariana looks up at her boss' eyes saying ""you need me?"" showing her glossy lips. She slowly brushes her crimson mini skirt across her boss' pants walking toward the office for some privacy. The salesmen and secretaries watch angrily wishing it was them while Ari struts with her little skirt riding up her ass.",Celebrity_Fantasies,t3_16hp7yb,2023-09-13 15:40:57,Ariana Grande,0.6407703,toxic
She is getting this fat nigga nut all over her faceüí¶‚úäüèø,DuaLipaFapClub,t3_12rz2n4,2023-06-24 12:43:17,Dua Lipa,0.8778702,toxic
[Find a Cutie You Like..](https://linktr.ee/xcum_sauce) and Get it On with Her!,DuaLipaFapClub,t3_16ke6si,2023-09-16 19:16:47,Dua Lipa,0.4269174,toxic
"same, I didn‚Äôt even try cuz I knew this shady ass shit would happen smh.",sza,t3_znjp47,2023-01-07 11:11:06,SZA,0.8460273,toxic
"Out of time not being a hit is so dumb. 

One of the best tracks in his discography",popheads,t3_118f61c,2023-03-07 07:04:05,Ariana Grande,0.49139655,toxic
"Uhhh, yes you were wtf? lol. You directly responded to me lmao. Do you not understand how  Reddit works or something? 

I‚Äôm flattered you think my response is chat ai worthy, I haven‚Äôt heard that one before! However, no it‚Äôs not AI. It‚Äôs called being educated and learning how to speak, write, and communicate. ‚Äúit tie sweet‚Äù of you though! Good try though.",billieeilish,t3_154iy52,2023-07-21 22:51:22,Billie Eilish,0.47772613,toxic
hours with a limp dick? she would enjoy for sure LOL,OliviaRodrigoNSFW,t3_16ksl98,2023-09-21 12:02:39,Olivia Rodrigo,0.73663366,toxic
"Even if it's ""age appropriate"" it's still a weird fucking thing to do....... ü§®",billieeilish,t3_16q06vz,2023-09-24 10:55:33,Billie Eilish,0.7570315,toxic
Would fuck a man before touching Brie,CelebWouldYouRather,t3_13unbs5,2023-06-27 19:18:51,Billie Eilish,0.85333383,toxic
Damn! Had no idea she was so stacked...yours are better....you know who you areüòè,BillieEilishGW,t3_16cl0uu,2023-09-07 23:41:56,Billie Eilish,0.5566829,toxic
"I hate that she gave credit to Paramore and Taylor (not including ""1 step forward, 3 steps back,"" which was legitimately an interpolation). I love all three artists fwiw, but they didn't deserve it, and it detracts from Olivia's talents as a songwriter. She should've stood her ground; her label/reps either gave her bad advice or made the wrong choice on their own. It set a shitty precedent by caving.",OliviaRodrigo,t3_18kjzv2,2023-12-17 18:59:58,Olivia Rodrigo,0.5885171,toxic
"‚ÄúI just don‚Äôt believe in it, why can‚Äôt we just exist‚Äù

F*cking thank you 

I‚Äôm bi, have a lot of queer friends. Ppl always ask me if I have some amazing ‚Äúcoming out‚Äù story (not knocking those who do). But tbh I‚Äôve always felt pretty nonchalant about it.

I‚Äôm not one to post about it or make a public statement proclaiming my queerness - it‚Äôs never been that serious for me. But if someone asks me about it, I‚Äôm an open book. 

People are way too in love with exposure nowadays. I like living in my happy little fruity bubble. Go Billie üôà",billieeilish,t3_189d5mw,2023-12-03 07:59:15,Billie Eilish,0.54325575,toxic
"1. Lacy

2. Teenage dream

3. All-American b\*tch

4. Making the bed

5. Pretty isn't pretty

6. Love is embarrassing

7. The grudge

8. Love is embarrassing

9. Logical

10. Bad idea right?

11. Get him back!

12. Vampire",OliviaRodrigo,t3_18s5y85,2023-12-28 04:11:27,Olivia Rodrigo,0.48021027,toxic
"Vampire, all American bitch, making the bed.",OliviaRodrigo,t3_16eahvx,2023-09-10 03:39:32,Olivia Rodrigo,0.88599813,toxic
"Here is my ranking for all the full length unreleased Billie songs i know:

\#1 bad company

\#2 True Blue

\#3 Sometimes they do

\#4 Ex Files

\#5 Ride

\#6 Silly Little Girl

\#7 Fingers Crossed

\#8 sHE'S BrOKen

\#9 Blind Faith

\#10 You're Stoned

\#11 Friends

\#12 another stupid song

\#13 Lyin 2 Ya",billieeilish,t3_15q1q7r,2023-08-13 16:12:32,Billie Eilish,0.43720075,toxic
She‚Äôs such a little slut,BillieEilishBoobs,t3_12qf2tl,2023-06-24 10:50:50,Billie Eilish,0.90451443,toxic
"I cannot wait to yell 1,2,3 let‚Äôs go bitch! In a few weeks to her!!",TaylorSwift,t3_124kcch,2023-04-11 02:18:47,Taylor Swift,0.7308154,toxic
Yeah HYBE is a company of like fucking hundreds of people just thinking about conceptual  shit.  So you can imagine what they might do.,NewJeans,t3_10bx5iu,2023-02-11 22:12:19,New Jeans,0.88599813,toxic
Fckin baby baddie,OliviaRodrigoNSFW,t3_17vdx69,2023-11-20 07:43:23,Olivia Rodrigo,0.55739564,toxic
Need to cum hard for her butthole,DuaLipaFapClub,t3_12cjdgw,2023-06-22 06:46:11,Dua Lipa,0.78207105,toxic
We don't want to see Rihanna put in a half assed performance because she finds it enjoyable. We want to be blown away and inspired by literally anyone who is willing to put in the work. See previous shows for reference.,popculturechat,t3_110y3fr,2023-03-07 20:02:14,Rihanna,0.4838166,toxic
I didn‚Äôt even know her tits looked this hood until I saw her in this dress,OliviaRodrigoNSFW,t3_17lq5cd,2023-11-02 22:26:23,Olivia Rodrigo,0.63782936,toxic
Oh fuck this is perfect‚Ä¶so hot‚Ä¶,ArianaGrandeLewd,t3_180q0nx,2023-11-21 20:35:31,Ariana Grande,0.7308154,toxic
First things is she's kneels down as I jerk my hard cock over her face then cum on it last thing is fuck her while she sleeps and cum on her ass,ArianaGrandeLewd,t3_12libmq,2023-06-23 14:01:00,Ariana Grande,0.71760553,toxic
Imagine the smell and taste of her? Her feet and armpit deserve to be cleaned by a slave tongue,DuaLipaFapClub,t3_118lj6b,2023-03-07 05:51:22,Dua Lipa,0.56269526,toxic
Wanna jerk on her? Pm me,DuaLipaFapClub,t3_13np7zq,2023-06-27 06:22:06,Dua Lipa,0.52007306,toxic
Rob is shit he‚Äôs literally an abuser lol,popculturechat,t3_13o4v3d,2023-06-27 07:40:40,Dua Lipa,0.911035,toxic
can i cum with you on mommy?,CelebrityMommy,t3_11b8rtn,2023-03-07 02:02:17,Ariana Grande,0.8115627,toxic
does anyone wanna rp im 18 girl and rlly hornyyy,OliviaRodrigoNSFW,t3_m6c2mf,2023-12-24 03:18:51,Olivia Rodrigo,0.49139655,toxic
sorry bro i‚Äôll put it to you realistically she wouldn‚Äôt do shit,ArianaGrandeLewd,t3_18gozcc,2023-12-13 03:43:57,Ariana Grande,0.7570315,toxic
"if you email them ‚Äúit‚Äôs been two months and three delays where‚Äôs my order? also hope you‚Äôre having a great day.‚Äù they‚Äôll send it out the next morning (im kidding, i‚Äôm not normally a karen but this was along the lines of what i finally emailed them lmdao) 

but i‚Äôve had this happen TWICE with olivia‚Äôs merch store. and multiple times with taylor swifts,,, plus with the shit quality and ridiculous prices we‚Äôre allowed to bitch about how long the shipping process is",OliviaRodrigo,t3_17ep44j,2023-10-25 00:57:37,Olivia Rodrigo,0.5716857,toxic
Fuckking hell that stare a long has me rock solid,BillieEilishGW,t3_1129wk3,2023-03-07 18:26:34,Billie Eilish,0.7856813,toxic
her legs make me feel funny in certain places,OliviaRodrigoNSFW,t3_16uwg62,2023-09-29 03:34:19,Olivia Rodrigo,0.52811706,toxic
"Wheel of cheese wasn't lobbed at pinks head! 
Intentionally trying to hurt a performer is so fucking low.
I don't understand why anyone would want to be that twat who ruins it for everyone,

Can you imagine the shame their mum's feel...yes I raised this twat. Ouch",popculturechat,t3_14qg52g,2023-07-07 20:17:23,Adele,0.8115627,toxic
Her ass would clap so much when smashing her,ArianaGrandeLewd,t3_17gox3g,2023-10-26 15:25:38,Ariana Grande,0.7570315,toxic
That pussy‚Äôs gotta be magical. Imagine that little body riding your face all night.,ArianaGrandeLewd,t3_17bw90v,2023-10-20 15:34:56,Ariana Grande,0.76523775,toxic
who is he? and why do you say that he fucked her?,ArianaGrandeLewd,t3_18huqqj,2023-12-14 01:05:19,Ariana Grande,0.7510937,toxic
Oh damn,Celebhub,t3_10csk9t,2023-02-11 20:09:10,Adele,0.45243698,toxic
The sex was so average you felt the need to confess your love to her while presenting her award. Okkkkk...,popculturechat,t3_171fs10,2023-10-06 20:06:21,Rihanna,0.44933176,toxic
"""I'm not being an asshole to you, I'm just stating the fact that you're fat, with a fat ass and fat tits"" i tell you as I shamelessly check you out",Celebrity_Fantasies,t3_17obwvq,2023-11-08 20:31:57,Billie Eilish,0.8988238,toxic
I agree. And she‚Äôs made a lot of sexy videos.,ArianaGrandeLewd,t3_11tqnvw,2023-04-11 17:34:46,Ariana Grande,0.4013387,toxic
God look at that big ol dick right next to her pretty face. Would love to smoke meth and watch Ari take that big dick in her mouth while using her hand on it at the same time. Bet that big dick would cum all over her pretty face.,ArianaGrandeLewd,t3_18koosy,2023-12-24 10:55:27,Ariana Grande,0.6588125,toxic
">Ok so because she has trauma, she‚Äôs justified in traumatizing another woman and potentially a CHILD?

you are shifting the blame here. it's the guy who left her wife. if he didn't do that Ariana couldn't done shit",popculturechat,t3_1564293,2023-07-22 11:17:43,Ariana Grande,0.6863638,toxic
"Billie doesn't open her mouth much. Instead you get the flick of her tongue every time your cock thrusts back up. ""Are my tits going to make you cum already?""",Celebrity_Fantasies,t3_16uzrk4,2023-09-29 23:15:23,Billie Eilish,0.681338,toxic
"[Take a Bitch Out on a Date](https://madilynipolcic.blogspot.com/), and Fuck Her",ArianaGrandeLewd,t3_186nqc0,2023-11-29 20:15:40,Ariana Grande,0.8988238,toxic
"Yeah fuck that. I sat down like 3-4 for ~5 mins each times just to rest my feet. Saw the whole damn show, screeched along to songs, no regrets",TaylorSwift,t3_12jnzc9,2023-06-23 15:01:44,Taylor Swift,0.8403191,toxic
Love that tight ass ü•µü§§,ArianaGrandeAss,t3_12wbojx,2023-06-25 00:12:15,Ariana Grande,0.7998551,toxic
Sexual coercion is very cool and okay to do so long as the victim gets hush money /s,Music,t3_166afza,2023-08-31 13:57:18,Miley Cyrus,0.5140397,toxic
Definitely **Victoria Justice** she's so hot and I don't like Ariana,CelebWouldYouRather,t3_11cjuue,2023-03-06 23:31:27,Ariana Grande,0.4402136,toxic
All American Bitch! Can‚Äôt get rid of the other two.,OliviaRodrigo,t3_16uev8f,2023-09-29 01:03:13,Olivia Rodrigo,0.8696708,toxic
I wish she would spread her legs and piss with that skirt on.,OliviaRodrigoNSFW,t3_16dchli,2023-09-08 20:42:35,Olivia Rodrigo,0.7105462,toxic
"Olivia can‚Äôt help but subtly moan under her breath as you push it against her skirt ‚ÄúMnnhhh no I‚Äôm not a slut mmnnhhhh how dare you, every one at school says that as well mmnnhhh it‚Äôs not slutty to always have a vibrator on me and to suck like only 4 cocks at school mmnnhhh that isn‚Äôt slutty‚Ä¶..right ?‚Äù",Celebrity_Fantasies,t3_170wce6,2023-10-06 00:46:43,Olivia Rodrigo,0.6342749,toxic
I would jizz **HARD** if I had the privilege of Billie grinding on my cock with her bare ass like Azula in the ‚ÄúFour Elements Trainer‚Äù game.,BillieEilishGW,t3_18koteb,2023-12-17 22:43:35,Billie Eilish,0.7570315,toxic
Who cares. Taste is taste but saying GUTS doesn't have any hits while one song went to #1 in the UK and the US is pretty dumb.,popheads,t3_16jjt1x,2023-09-16 14:52:02,Olivia Rodrigo,0.6027529,toxic
Wish she would do a full body bikini pic it would be so fucking sexy,OliviaRodrigoNSFW,t3_1778nwg,2023-10-14 07:27:01,Olivia Rodrigo,0.6407703,toxic
I wish she‚Äôd dye her eyebrows to match! I think the black alone washes her out just a tad.,popculturechat,t3_135880n,2023-06-26 01:52:58,Billie Eilish,0.47173777,toxic
fuckkkk yes those big thick soft and gentle lips must massage a cock so well‚Ä¶ those glossy cushions must attract so much cum,ArianaGrandeLewd,t3_170tz07,2023-10-06 13:15:10,Ariana Grande,0.7675452,toxic
Fuck!,DuaLipaFapClub,t3_14gzdgk,2023-06-23 16:25:56,Dua Lipa,0.8629672,toxic
Millie isn‚Äôt the sexiest out of the women you mentioned in this post but she‚Äôs the slutty one which is why I went with her. Otherwise I‚Äôd have gone with Hailee,CelebWouldYouRather,t3_1530y1y,2023-07-18 15:22:31,Billie Eilish,0.6863638,toxic
"\*They both groan as you suck them both at the sam time, and being father and sone they have the same thought and both slip your dress of your shoulder, and peeling your thight dress of off your tits revealing them, as they both frab a boob and grope it\*",Celebrity_Fantasies,t3_175nn88,2023-10-11 21:11:12,Dua Lipa,0.7308154,toxic
"""FLAT! I am not flat. Just not busty."" I yell, wile pressing my boobs together.",Celebrity_Fantasies,t3_15o3k47,2023-08-11 11:15:53,Olivia Rodrigo,0.7308154,toxic
"honestly.. i dont have the mental energy to care. a lot of celebrities use jets, a lot of corporations are polluting the planet. what can we do? just have outrage about it on the internet? it sucks, but honestly our planet is kinda screwed regardless.

she briefly dated an asshole as a rebound after a long term relationship. IDK if people forget but she is just a person who fucks up like anyone else. a LOT of women/men date assholes at some point. its how its handled that matters imo.

if she defended him, or stuck with him or anything, then i wouldve already been side eyeing. but she didnt. she dropped him fairly quick imo, which makes me think it was a rebound kinda thing like i said.

and i just kinda feel like, shes been around (famous) for how long? Over a decade or so? and the WORST things, the most problematic things, shes EVER done are... using her jet too much, and briefly dating an asshole? idk compared to a LOT of other celebrities, its really not so bad. Because once again, celebrities are just normal people who got famous, they are nowhere near perfect people.",TaylorSwift,t3_18e8rii,2023-12-09 23:08:27,Taylor Swift,0.7105462,toxic
"uuuugh, what a blast from the past. i remember her struggling with this one live back in the day (understandably because it's hard as hell) and we have to account for dubbing and editing in this new version, but she killed it. the stamina improvement is insane

and hearing her continue to body this song also makes me sad that her newer music doesn't often give us vocals like this. a real shame given her place as one of pop's best singers

hopefully wicked will get her back into the habit of singing her ass off",popheads,t3_162v20g,2023-08-28 08:17:03,Ariana Grande,0.55739564,toxic
Can a mod delete this horrendous spam? What the fuck.,billieeilish,t3_181xo7w,2023-11-23 09:58:37,Billie Eilish,0.89241093,toxic
I hate colorism so bad,popheads,t3_12xw7nl,2023-06-25 04:47:56,SZA,0.45921504,toxic
God damn,OliviaRodrigoNSFW,t3_16cxysr,2023-09-08 03:42:15,Olivia Rodrigo,0.6588125,toxic
"I let out a surprised gasp when I felt your hard strikes on my soft cheeks. I place my hands on my ass as I feel the stinging sensation from your slaps and turn around
‚ÄúMy god! I didn‚Äôt think you would do it that hard! That kind of hurt‚Ä¶but you know what that means?‚Äù I ask now with a devilish stare",CelebrityMommy,t3_11tsyw7,2023-06-26 13:24:16,Billie Eilish,0.6863638,toxic
"they‚Äôre her breasts we shouldn‚Äôt be so concerned unless she is, imo",billieeilish,t3_17uq2bs,2023-11-14 08:18:05,Billie Eilish,0.60254884,toxic
"I think it‚Äôs so silly that people think she‚Äôs messing up on purpose. She can make up any rules or not follow them on her tour, especially when she‚Äôs making the rules lol. She‚Äôs a perfectionist too, so I really don‚Äôt see her messing up on purpose. She had hundreds of songs and only practices like the day of for surprise songs.. it‚Äôs not weird if she messes up a lyric",TaylorSwift,t3_133neq4,2023-06-25 22:59:31,Taylor Swift,0.40060925,toxic
"Thanks Cuckservatives.

Seriously, if we're gonna fix this shit, then we need people to run for these positions. Never think you're unqualified, either. Just look at the embarrassing line of questioning they had for TikTok's CEO. Or just look at Boebert, Trump, MTG, or just any Conservative, really.",Music,t3_1257k7p,2023-04-11 01:30:12,Miley Cyrus,0.6289369,toxic
Whatever time it takes to get naked,ArianaGrandeLewd,t3_16yygoc,2023-10-04 13:18:51,Ariana Grande,0.4402136,toxic
"Bi woman here: it's probably because a lot of bi people (and queer people in general tbh) are often told we're disgusting perverts to the extreme and are essentially whoring ourselves out, so a lot downplay it as ""oh well women are just so üòç"". 


Some, I imagine, do just genuinely like pretty people and focusing on prettiness rather than sexual attractiveness, and haven't heard of the word biromantic, but a lot of it is likely what I theorized above. I'll be the one to just normalize us calling women hot, looking forward to it.",popculturechat,t3_189uk87,2023-12-03 17:31:27,Billie Eilish,0.5716857,toxic
Just want to pin her down and pound her from behind,DuaLipaFapClub,t3_15uts94,2023-08-18 20:33:36,Dua Lipa,0.6989911,toxic
I cum all on your face as I moan loud,Celebrity_Fantasies,t3_17zji9g,2023-11-20 12:21:27,Dua Lipa,0.82048255,toxic
She‚Äôd get absolutely annihilated,ArianaGrandeLewd,t3_16a0hen,2023-09-05 03:24:43,Ariana Grande,0.47323486,toxic
"""Fuck... yes sir. Anything you want."" I say as I get off the bed and strip out of everything i wear before dropping down on my knees. I start to kiss the tip of your huge cock. As soon as I start to suck your tip , my eyes look up at you.",Celebrity_Fantasies,t3_14cggqu,2023-06-18 12:57:11,Billie Eilish,0.718943,toxic
Delete it fat,popheadscirclejerk,t3_104u36j,2023-02-12 08:50:27,Miley Cyrus,0.5140397,toxic
"I watch your tight ass and wet pussy swaying from behind as you walk to the table, and say, ""Not those towels, pet. I meant the ones from the heated rack..."" I smirk, knowing you'll have to go just outside the room for them.",Celebrity_Fantasies,t3_17yb9vk,2023-11-20 10:08:57,Dua Lipa,0.78855824,toxic
"""Cmon boys. Fuck mommy Dua aswell."" I pull you on top of me fully and spread your ass cheeks.",Celebrity_Fantasies,t3_17zji9g,2023-11-20 22:29:30,Dua Lipa,0.75208336,toxic
"Same height, shorter, and taller. And no, it's just not that big an issue amongst people I know. I'd say it's my age, I'm 48, but the family and friends I'm thinking about range from much older to much younger than me. The only guys I know who cop a lot of shit about their height are the dickheads. They get accused of having Little Man Syndrome.",billieeilish,t3_17vewcy,2023-11-16 21:26:31,Billie Eilish,0.6863638,toxic
‚ÄúYa well I don‚Äôt feel fabulous it‚Äôs so cold‚Äù I shiver making my tits jiggle ‚Äúwhen are we gonna go back inside‚Äù,Celebrity_Fantasies,t3_17kh6vu,2023-11-01 21:13:45,Billie Eilish,0.63782936,toxic
Ewwww get a life üôÑüôÑüôÑ,billieeilish,t3_18k6sqh,2023-12-17 02:23:50,Billie Eilish,0.4826145,toxic
"lil Wayne has also said some ignorant shit

He says he doesn‚Äôt believe in racism because his life is so great, and cause he was saved by a white cop when he was a kid

That same cop was fired in 2012 for unnecessarily tasing a black man multiple times and calling him the n word. The cop committed suicide last year at age 65. 

Wayne always declines to speak against racism for people less privileged than him. Dude is truly a dumbass that refuses to use his platform to speak out for black people that don‚Äôt have a voice.",popculturechat,t3_111lkc4,2023-03-07 19:21:27,Rihanna,0.76523775,toxic
One of my favorite looks from her. The pigtails really seal the deal. Hope she got pounded rough and hard while wearing this.,ArianaGrandeLewd,t3_zg1f82,2023-01-07 21:48:39,Ariana Grande,0.43475235,toxic
"i see this and raise you sos, kill bill, seek and destroy",sza,t3_zwnykt,2023-01-06 21:22:42,SZA,0.6667219,toxic
yes sir... I understand *I quickly grab your bulge and pull down your pants and start to masturbate you with both hands while I suck your balls*,Celebrity_Fantasies,t3_159s16a,2023-07-26 03:59:11,Dua Lipa,0.78855824,toxic
I kept sucking and deep throating you more and more. I keep sucking you faster trying to make you cum and after a bit I feel your cock explode with cum in my mouth,CelebrityMommy,t3_15i1jav,2023-08-05 18:37:35,Billie Eilish,0.7856813,toxic
"LOL NO. big fella is not about your weight dude. You are acting all big by cursing me out, that‚Äôs what I‚Äôm referring to, for fucks sake",billieeilish,t3_10mks5y,2023-02-11 06:23:14,Billie Eilish,0.8364697,toxic
"Missionary, pinning her ankles by her ears and watching her expression as I pound her tight body",ArianaGrandeLewd,t3_127ua08,2023-06-21 06:31:58,Ariana Grande,0.52139956,toxic
"Lacy is the weakest song on GUTS. It's not bad, just doesn't speak to me",OliviaRodrigo,t3_18bonhu,2023-12-05 23:14:14,Olivia Rodrigo,0.40336934,toxic
"She wears more make-up than the bloody Kardashians. I'm totally with you, I wish she'd tone it down.",popculturechat,t3_18cwdav,2023-12-07 18:51:53,Adele,0.40891263,toxic
I honestly dislike them so much‚Ä¶ I guess these two bullies really do deserve each other ü§Æ,popculturechat,t3_15cb6nk,2023-07-28 22:43:08,Rihanna,0.4475325,toxic
Absolutely top tier titties she is so hot,BillieEilishGW,t3_183t6s7,2023-11-28 18:19:03,Billie Eilish,0.6308517,toxic
"That's dedication!

Damn",adele,t3_12bxxt3,2023-06-22 03:01:22,Adele,0.49139655,toxic
I‚Äôm sorry but did you just sarcastically equate Gaylors not being allowed in that horrible homophobic haven subreddit to Nazi Germany‚Ä¶. I‚Äôm gonna be blunt this is a horribly insensitive comment and you should probably delete it because you‚Äôre making us look worse‚Ä¶,Gaylor_Swift,t3_18iutqi,2023-12-16 05:55:54,Taylor Swift,0.50759226,toxic
"Auto tune a fat ass and stripper moves and you too can be a multi platinum artist,no talent required. It's all about the image.",celebrities,t3_120mm7y,2023-04-11 07:08:42,Dua Lipa,0.76197964,toxic
"Yeah the MMA version in YouTube is ass in terms of sound quality, glad they're now released in better state",NewJeans,t3_18pwsyk,2023-12-25 03:18:45,New Jeans,0.5921536,toxic
"Tried for 40 minutes to get tickets, but once they all became ‚Äúplatinum‚Äù I had to give up:( 550 for nosebleeds is ridiculous.",sza,t3_zmnmuv,2023-01-07 12:47:44,SZA,0.4269174,toxic
Katy sucks she doesn‚Äôt even make music anymore and her music don‚Äôt hit as much as it use too,billieeilish,t3_10nur2s,2023-02-11 03:48:44,Billie Eilish,0.85850734,toxic
"Blowjob, facial, cream pie üòä",ArianaGrandeLewd,t3_13xeqrb,2023-06-27 23:37:19,Ariana Grande,0.7998551,toxic
Most jerked to is probably the 34+35 remix,ArianaGrandeLewd,t3_ztksa9,2023-01-07 02:42:36,Ariana Grande,0.42568782,toxic
I then shoot a massive load covering both of your faces ‚Äúafter you make him cum and clean yourselves come cuddle me‚Äù I say with a smile,Celebrity_Fantasies,t3_181xekt,2023-11-24 18:49:09,Olivia Rodrigo,0.7510937,toxic
I figured they had something in the vault since she said she had chatted with Drake in the past but damn I never thought it would see the light of day,Drizzy,t3_10lg2u8,2023-02-11 08:01:40,Billie Eilish,0.44393396,toxic
Such a pretty looking pussy. I bet that asshole of hers looks just as cute üëÖ,ArianaGrandeLewd,t3_1827lkd,2023-11-24 16:20:27,Ariana Grande,0.76523775,toxic
I wanna give her a huge load on her face for her birthday,BillieEilishGW,t3_zp5kbs,2023-01-07 08:03:29,Billie Eilish,0.55739564,toxic
Tight bra ... Hard nips.... Balls drip üíßüòµ‚Äçüí´ü§§,DuaLipaFapClub,t3_14g66wz,2023-06-22 19:02:33,Dua Lipa,0.687436,toxic
Let Ari take your cum on the last day.,ArianaGrandeLewd,t3_185wlfg,2023-11-28 14:00:54,Ariana Grande,0.7510937,toxic
How is she darker than the actual black person dancing with her?,ArianaGrande,t3_11kt9j0,2023-04-10 22:43:00,Ariana Grande,0.4269174,toxic
Guarantee she gives the best tit jobs,Celebswithbigtits,t3_185e5tr,2023-11-27 21:59:22,Billie Eilish,0.6426206,toxic
"I think it‚Äôs bullshit. 

Olivia doesn‚Äôt deserve these accusations.
The Noelle Sucks video is not exactly a super novel idea.

Olivia doesn‚Äôt do anything different than what every other artist out there does regarding songs with similar chord changes or melodies.
She makes songs her own and fills them with passion.",OliviaRodrigo,t3_18ivzg3,2023-12-15 10:41:16,Olivia Rodrigo,0.85333383,toxic
Why the fuck are her shoes so big,BillieEilishGW,t3_14f19vs,2023-06-22 01:11:00,Billie Eilish,0.7761081,toxic
I‚Äôm an ass guy but with Billie tits then ass then finish what that beautiful tongue wrapped around my cock while I bust in her mouth  with her beautiful eyes looking up at me while she drinks my seedü•µ,BillieEilishGW,t3_15r18rk,2023-09-08 08:55:34,Billie Eilish,0.7308154,toxic
‚ÄúDo you really have to ask?‚Äù I say stepping closer and putting my hands around your waist and pulling you in giving you a deep passionate kiss,Celebrity_Fantasies,t3_18anwlj,2023-12-04 16:42:43,Dua Lipa,0.4977744,toxic
Calling someone oversexualized while he's half naked in almost everything he acts himself...,popculturechat,t3_15f5gip,2023-08-01 15:19:26,Miley Cyrus,0.4014846,toxic
Maybe he was given a heads up... you know there are crazy fans who will be sending him death threats and ill-wishes... stuff like this brings out the worse of this fandom,TaylorSwift,t3_12eyy75,2023-06-22 21:26:39,Taylor Swift,0.45090583,toxic
"Overweight? You clearly don't have eyes. 

And her tits are perfect.",celebrities,t3_14gkyss,2023-06-23 03:48:33,Billie Eilish,0.65996873,toxic
"If this is true that‚Äôs very shitty of her to do lmao. If you‚Äôre sick the only place you typically wanna be is home resting not traveling lmao.

Honestly with this + the Ticketmaster BS with the tour I‚Äôm wondering if the fame is starting to get to her head a little bit..",OliviaRodrigo,t3_16qpi5u,2023-09-24 12:54:11,Olivia Rodrigo,0.6611249,toxic
She looks like an alien with no brows üò≠,dualipa,t3_16073cr,2023-08-24 22:25:17,Dua Lipa,0.4977744,toxic
"I rip your shorts off. ‚ÄúOh, you will be.‚Äù I take my panties off, and sit my fat ass down on your face",CelebrityMommy,t3_16eh90z,2023-09-09 21:50:23,Rihanna,0.7998551,toxic
"oh yeah defo, she literally opened her legs a little",ArianaGrandeLewd,t3_12pxq1d,2023-06-24 06:20:22,Ariana Grande,0.47119883,toxic
"As someone who gave birth at roughly the same time as Rhianna, I have to say I am extremely glad I‚Äôm not performing at the Super Bowl in a few weeks. Like, damn. I still can‚Äôt even cough without trouble.",popculturechat,t3_10az1lp,2023-02-11 23:38:10,Rihanna,0.45757914,toxic
"Cesspool. Living breathing parasitic cesspool. 

Godspeed",popculturechat,t3_11o88xk,2023-04-12 02:02:29,SZA,0.4402136,toxic
Perfect to suck,DuaLipaFapClub,t3_15r587c,2023-08-15 18:35:38,Dua Lipa,0.7570315,toxic
Anal cowgirl,ArianaGrandeLewd,t3_16imh1o,2023-09-14 21:00:41,Ariana Grande,0.718943,toxic
god this makes me so weak. i just wanna lick her legs,ArianaGrandeLewd,t3_18btzep,2023-12-06 05:59:20,Ariana Grande,0.6611249,toxic
"""Bitch! He knows I'd Muay Thai his ass if he interferes or fight back! Now, you boy, film us now!"" I mock and order your son as he picks up his phone to film us as I violate your pussy while he tearfully watches and films the whole thing.",Celebrity_Fantasies,t3_169gtux,2023-09-04 04:28:26,Dua Lipa,0.718943,toxic
Billie kisses you deeper as zendaya starts stroking your bulge,CelebritySisters2,t3_116kzu7,2023-03-07 10:15:20,Billie Eilish,0.5559701,toxic
I‚Äòm fucking dying üíÄ,popheads,t3_110wx2n,2023-03-07 20:45:04,Rihanna,0.76197964,toxic
"really? albeit im a demi stan but TMYLM in my books is a decidedly mid album for her. i loved it at the time front to back but it aged less well overall than hwga and confident, and i liked it less in the moment than i like holy fvck in the moment now.",popheads,t3_102hs06,2023-02-12 12:11:19,Ariana Grande,0.44573322,toxic
Hehehe I want to tease her with my fingers feel her wet pussy,BillieEilishGW,t3_1757kux,2023-10-11 13:35:07,Billie Eilish,0.6667219,toxic
Love her ass,DuaLipaFapClub,t3_162w5go,2023-08-28 16:02:07,Dua Lipa,0.7701451,toxic
‚ÄúOlivia what are you doing what if mom and dad find out they would kill me?! Whats wrong with youl‚Äù i try to cover my little cock up,Celebrity_Fantasies,t3_184wqgn,2023-11-27 07:46:13,Olivia Rodrigo,0.687436,toxic
"jesus christüòµ‚Äçüí´ she starts whimpering and purring as her way of saying she wants more, u run your hands up her shirt and slide your hands up and down her bare back squeezing her bare hips ‚Ä¶ she moves her tiny little soft tatted baby hands up to your face and around your neck and uses her nails to gently seduce u even more by her touch, your tongues intertwine as she sucks and nibbles your bottom lip and eventually all of her lipstick is gone from this passionate and intense makeout",ArianaGrandeLewd,t3_17snyp4,2023-11-11 13:39:58,Ariana Grande,0.5716857,toxic
Ariana goes Basic White Bitch and breaks the Internet! hilarious,popculturechat,t3_15247cd,2023-07-17 19:45:54,Ariana Grande,0.8629672,toxic
Mmm I think you‚Äôre right. I could probably hit all those deep spots as she rides it too,KpopImagines,t3_1210gs5,2023-04-11 06:10:04,New Jeans,0.4269174,toxic
I want that booty to shit in my mouth!,ArianaGrandeAss,t3_101g82m,2023-02-12 13:47:02,Ariana Grande,0.8778702,toxic
"She has to say ""I'm dumb, sorry""",billieeilish,t3_18lpr8l,2023-12-19 20:34:33,Billie Eilish,0.45090583,toxic
Look at that tight pussy.,OliviaRodrigoNSFW,t3_1688cbq,2023-09-02 17:50:11,Olivia Rodrigo,0.8364697,toxic
I wanna destroy her face ü•µ,ArianaGrandeLewd,t3_zykpyc,2023-01-06 18:08:00,Ariana Grande,0.75208336,toxic
Fuck the way she would just make me splitting out so much of thick load for her,CelebrityMommy,t3_10v7e6e,2023-03-08 07:34:46,Ariana Grande,0.76523775,toxic
What the heck happened to her eyes,ArianaGrande,t3_14djbek,2023-06-21 14:19:11,Ariana Grande,0.47323486,toxic
She looks so different with her tongue in her mouth.. woof,popculturechat,t3_13td2ds,2023-06-27 16:19:55,Miley Cyrus,0.40336934,toxic
Thank heavens for porn addiction.,BillieEilishGW,t3_13rinen,2023-06-27 13:37:50,Billie Eilish,0.5024724,toxic
She‚Äôs such a wild slut üòç,DuaLipaFapClub,t3_10jqywg,2023-02-11 10:04:01,Dua Lipa,0.9029226,toxic
Holyy fuckkkkkkkkk,DuaLipaFapClub,t3_16f4zfe,2023-09-10 16:49:14,Dua Lipa,0.6020386,toxic
Her legs and feet are so hott,OliviaRodrigoNSFW,t3_17xl7n9,2023-11-17 19:14:24,Olivia Rodrigo,0.51980776,toxic
"It's goddamn identical, hahaha. The song is like a cross between When I Was Your Man and Circles by Post Malone.",popheads,t3_10af5k4,2023-03-08 04:31:36,Miley Cyrus,0.6308517,toxic
These things always make her nipples too dark. I feel like she has ghost nipples or very pale pink ones.,BillieEilishBoobs,t3_13yz8mh,2023-06-03 11:10:16,Billie Eilish,0.6611249,toxic
Yeah to me that ass looks to big. I don't think her real hair is that long either and I've NEVER seen a picture of her NOT showing her face. Thoughts Dylan???,ArianaGrandeLewd,t3_zikn3k,2023-01-07 17:26:34,Ariana Grande,0.68408644,toxic
"Let‚Äôs just say lyrics don‚Äôt necessarily reflect real life? Also if you‚Äôre writing an epic love song you don‚Äôt write about like a mediocre romance and getting over the break up in three months. It‚Äôs LOVE and heartbreak. She‚Äôs a musician, a poet. The idea of using specific (dramatic) words to convey emotion to a song makes less sense than Adele has got mental health issues!?",adele,t3_1011v38,2023-02-12 14:24:58,Adele,0.4269174,toxic
"aaahhh mmmm *my ass is wide open leaving my holes at your mercy, each thrust makes me scream and scream in pain thinking about how I am going to punish you later as your superior*",CelebrityMommy,t3_16b7e1h,2023-09-06 04:35:35,Dua Lipa,0.7998551,toxic
I love her tight ass,CelebrityButts,t3_12c8jsj,2023-06-22 03:51:09,Ariana Grande,0.7701451,toxic
Eat **Nicki Minaj's** Pussy &amp; Fuck **Ariana Grande's** Ass,CelebWouldYouRather,t3_11n0oan,2023-04-12 04:05:35,Ariana Grande,0.89241093,toxic
It‚Äôs just their song si damn good. Nothing else to discuss.,kpopthoughts,t3_10c56a6,2023-02-11 21:52:47,New Jeans,0.57271194,toxic
"not saying the mods are useless and lazy like the guy above but theres 11 mods, how is the sub so lowly moderated? if its still too much for 11 mods cant they just open applications for more mods or smth?",billieeilish,t3_18e74zg,2023-12-09 13:01:22,Billie Eilish,0.45396814,toxic
I kiss you as I pull your shorts down enough for your leaking cock to come out. I then slip it into my pussy and instantly feel your cum shooting out of you.,CelebrityMommy,t3_10h0lyb,2023-02-11 14:29:51,Dua Lipa,0.75208336,toxic
Yall niggas weird ass shit,ArianaGrandeLewd,t3_16yygoc,2023-10-03 23:29:23,Ariana Grande,0.96426713,toxic
Wanna jerk of on her? Pm me,DuaLipaFapClub,t3_13mycp9,2023-06-27 06:22:20,Dua Lipa,0.46982017,toxic
"This. It's happening in this thread too, which sucks, because she is a really great artist imo.",popculturechat,t3_16dyvnb,2023-09-10 09:26:38,Miley Cyrus,0.4977744,toxic
She definitely knows what she‚Äôs doing showing off her thighs tits and ass all the time ü§§,BillieEilishGW,t3_12822g0,2023-06-21 08:44:45,Billie Eilish,0.76523775,toxic
"I rest my head on your fat squishy boobs, letting out a sigh of relief as we lay down and cuddle. I let you take control, just enjoying your warmth ""Mhh, you smell really good sis""",CelebritySisters2,t3_11444d2,2023-03-07 14:39:59,Billie Eilish,0.68408644,toxic
Cum in her mouth,DuaLipaFapClub,t3_18lhf15,2023-12-18 19:43:56,Dua Lipa,0.82048255,toxic
"If they pull a Beyonce on SZA, im going to be pissed",popculturechat,t3_17t1s9h,2023-11-11 20:28:42,SZA,0.50759226,toxic
The way you killed the chain lmao,TaylorSwift,t3_14kq378,2023-06-28 02:13:43,Taylor Swift,0.40614098,toxic
Why does her hand look so fake? It looks like a dolls hand,popheadscirclejerk,t3_17tz77k,2023-11-13 14:24:04,Ariana Grande,0.49139655,toxic
That tongue needs my hard dick slapped on it,ArianaGrandeLewd,t3_1112fmk,2023-03-07 19:37:45,Ariana Grande,0.85173553,toxic
"That‚Äôs basically half of my Top 10, damn. 

I‚Äôd go with Grace Fulton right now.",CelebBattles,t3_12q8cyv,2023-06-24 08:25:24,Billie Eilish,0.47900817,toxic
Both just depends on what blowjob mood she's in,ArianaGrandeLewd,t3_14setls,2023-07-07 11:27:48,Ariana Grande,0.7105462,toxic
God damn.,ArianaGrandeLewd,t3_180q0nx,2023-11-21 20:43:01,Ariana Grande,0.6588125,toxic
"I pull your top off ""Let's have some fun""",Celebrity_Fantasies,t3_15xiibb,2023-08-21 20:31:05,Olivia Rodrigo,0.4645176,toxic
mnnghh such a hot fucking slut,ArianaGrandeLewd,t3_15zgkni,2023-08-23 21:10:22,Ariana Grande,0.95048624,toxic
"Oh she is a fucking hottie, thick thighs, barbie looking and amazingly slutty",ArianaGrandeLewd,t3_18f2u1e,2023-12-10 15:36:47,Ariana Grande,0.82048255,toxic
"Do what other short people like myself do - choose seats in the bowl instead. Or pay more for seats as close to the stage as possible on the floor. It sucks, I‚Äôd love to be on the floor close to Taylor, but I did not win the genetic height lottery.",TaylorSwift,t3_11lhvw0,2023-04-12 05:48:05,Taylor Swift,0.44393396,toxic
Takes me back to her 1989 era. Her legs are sexier than ever.,TaylorSwiftsLegs,t3_16imy2x,2023-09-15 00:04:28,Taylor Swift,0.5532103,toxic
Ano her cheeks are fat but she‚Äôs defo got a tight asshole,DuaLipaFapClub,t3_16cejvp,2023-09-08 08:43:16,Dua Lipa,0.8252207,toxic
"How the fuck has it been 6 years already time goes by too fast üò≠ rip to all these poor souls, hopefully they‚Äôve been able to rest easy",popculturechat,t3_13ovyco,2023-06-27 08:25:19,Ariana Grande,0.6588125,toxic
"‚ÄúJesus look at it twitching and wriggling about, anyways your punishments. Your right, you have been bad and I do deserve better. Let‚Äôs start simple, get on your hands and knees. On all fours like a good little dog haha‚Äù",Celebrity_Fantasies,t3_16r6ikd,2023-09-24 20:08:38,Olivia Rodrigo,0.43965456,toxic
She‚Äôs so fucking sexy,DuaLipaFapClub,t3_16qegjw,2023-09-24 17:27:05,Dua Lipa,0.6611249,toxic
Fuck,sza,t3_11y8aaj,2023-04-11 10:29:13,SZA,0.8629672,toxic
Wonder if the back of his head is as bad,popculturechat,t3_15ckyhb,2023-07-29 06:40:12,Ariana Grande,0.4269174,toxic
"I hold the back of my head ‚Äúahhh! Hey! You can‚Äôt do that, I don‚Äôt know how long ago you were last in school but that‚Äôs not allowed anymore!‚Äù I stare annoyed at you",Celebrity_Fantasies,t3_16z4ln6,2023-10-03 22:12:55,Olivia Rodrigo,0.41910073,toxic
I get on my knees ‚ÄúWant me to do anything? Make lewd faces? Show off my tits?‚Äù,celebritysister3,t3_13khcte,2023-06-27 01:24:30,Ariana Grande,0.78207105,toxic
"I'd wait until we get to know each other, then I would be respectful and ask if she would like to start intercourse.",ArianaGrandeLewd,t3_16yygoc,2023-10-04 03:37:53,Ariana Grande,0.47886392,toxic
"it was the most she had showed intentionally, but there were a few pics of her especially the one where she looks trashy in her sandals my god üò©üò©üò©",BillieEilishGW,t3_18cpvfk,2023-12-08 13:19:30,Billie Eilish,0.40891263,toxic
"I moan even louder as I squirm and whimper ""Baby I'm so close!!""",Celebrity_Fantasies,t3_186n4io,2023-12-03 19:03:26,Olivia Rodrigo,0.40614098,toxic
"I don't think it would do anything if she said anything. But I do think she has a love/hate relationship with all this. She clearly loves attention and adoration and would be upset imo if she came out of the studio and no one gave a fck like she was anyone else.

But at the same time, I think it freaks her out when people follow her home and try to jump on her car or whatever like wild animals armed only with TikTok and insanity. Understandable!

She'll probably try to live a more low key life after tour for awhile.",TaylorSwift,t3_13phwxu,2023-06-27 09:33:03,Taylor Swift,0.43965456,toxic
I wish one of the bigger pop stars today would collab with her. Kinda sucks to say this but most people forgot about Kesha and a big collab would help put her back on the map. She‚Äôs still making great music and people don‚Äôt even realize üò≠,popheads,t3_16nv6do,2023-09-21 00:36:35,Miley Cyrus,0.45703048,toxic
"Me too, There's not a single part of her body I wouldn't lick and feel üò•üî•",ArianaGrandeLewd,t3_16fod1m,2023-09-11 15:12:35,Ariana Grande,0.40891263,toxic
"*after a while i notched it's Billie's foot and it's sliding closer and closer to my cock
, i look how she's teasing me and i sweat more*",CelebrityMommy,t3_13e4iim,2023-06-26 16:02:39,Billie Eilish,0.6611249,toxic
"It‚Äôs not the equivalent at all. How tf is this the equivalent. Nobody‚Äôs deleting Finneas from the equation. To assume Billie make great songs with others is foolish and this also doesn‚Äôt mean Finneas can‚Äôt be a part of that process as well.

I currently am the only producer rapper Justin Rarri wants to work with, I single handedly came up with his new sound, yet, I always look for other people who can do certain things that I want to better than I can. There are so many aspects of a song.

Finneas is a mediocre bass player, guitar player, keyboard player, and there are other trillions of ppl that can be added to their process that can add to it if Finneas was open minded. Even if it‚Äôs just here and there. Kanye West, as one of the best producers of rap ever did his best work with tons of other producers lol. 

Finneas is not the epiphany or production and there are better drum programmers, sound designers, etc than he is and he can include others in such a way to complete his and billie‚Äôs vision if he just guided them and let them understand their purpose. The fact that he avoids this all together and emphasizes his territorial nature is evident that he‚Äôs just simply narrow minded and selfish. Because there‚Äôs no harm in exploring. If you literally can‚Äôt find a single person who can help your process for certain projects now and again, it‚Äôs generally because you‚Äôre the problem. The ability to work with other ppl is a skill with in itself.",billieeilish,t3_181wkyo,2023-11-26 04:00:42,Billie Eilish,0.52811706,toxic
she needs a a big rope of cum on that nasty slutty face,OliviaRodrigoNSFW,t3_14ctz4r,2023-06-19 05:40:41,Olivia Rodrigo,0.8252207,toxic
Did they intentionally make everyone not Kelce look like total twats?,popculturechat,t3_16xcy07,2023-10-02 13:06:46,Taylor Swift,0.5885171,toxic
Guess I gotta see that. I was literally looking at her on Instagram right after I posted that comment and I on there those tits look nothing that big. How weird.,CelebBattles,t3_14jg5fx,2023-06-26 16:03:45,Billie Eilish,0.62702215,toxic
Anya Taylor Joy no doubt she‚Äôs cute and adorable I‚Äôd love to have her lips wrapped around my cock on her knees moaning giving me a sloppy blow job,CelebWouldYouRather,t3_15vaf6k,2023-08-20 05:15:45,Taylor Swift,0.681338,toxic
She went from the girl with a billion dollar pussy to a crackhead.,popheadscirclejerk,t3_17qqft9,2023-11-09 04:05:28,Ariana Grande,0.8364697,toxic
"Agreed. The new lyric doesn‚Äôt fit the song, but it‚Äôs better than slut shaming.",TaylorSwift,t3_18oyv1c,2023-12-23 16:51:23,Taylor Swift,0.6544696,toxic
"Deep in that sweet pink pussy, She likes a hard pounding with a creampie finish.",ArianaGrandeLewd,t3_166oh2y,2023-08-31 23:18:37,Ariana Grande,0.6989911,toxic
This dude is so ugly,Celebswithbigtits,t3_173lqik,2023-10-09 21:55:42,Billie Eilish,0.7105462,toxic
‚ÄúAh fuck‚Äù I screamed (idc be as tough as you can),Celebrity_Fantasies,t3_18451r3,2023-11-26 08:19:19,Dua Lipa,0.75208336,toxic
no one saying in his sheets!,OliviaRodrigo,t3_16l77z6,2023-09-18 10:21:51,Olivia Rodrigo,0.42985553,toxic
Lucky bastard,BillieEilish1,t3_13daqj2,2023-06-26 13:36:48,Billie Eilish,0.47886392,toxic
‚ÄúHow about this‚Ä¶..ill let you go after i cum‚Äù *i start to choke you a little*,Celebrity_Fantasies,t3_18451r3,2023-11-26 20:03:35,Dua Lipa,0.7252971,toxic
That cute tight little ass is begging to be dominated,ArianaGrandeLewd,t3_10xcahh,2023-03-08 03:21:41,Ariana Grande,0.718943,toxic
Those tits tho,DuaLipaFapClub,t3_17lif45,2023-11-02 09:56:31,Dua Lipa,0.68408644,toxic
"""Mmh can't wait"" I say rubbing and kissing all over your body",CelebrityMommy,t3_12zgdvz,2023-06-25 21:02:11,Billie Eilish,0.51980776,toxic
"Yeah, I think they need to pack it up. This entire megathread looks pretty deranged and stupid in the grander scheme of things. The fact that so many non-Spanish people immediately jumped to the firm conclusion that the teen kpop girl group‚Äôs song ‚ÄúETA‚Äù is about terrorism and not the more logical explanation says so much about the chronically online state of kpop right now.",kpopthoughts,t3_14j2x5n,2023-06-26 02:41:34,New Jeans,0.4977744,toxic
@tis_the_damn_season on Tik Tok got a 360 view up close video of the jacket when it was on display in Glendale!,TaylorSwift,t3_11l0bfz,2023-04-11 00:47:36,Taylor Swift,0.4013387,toxic
"It‚Äôs actually not bullshit. How about you do a little investigating? For some reason, Ticketmaster isn‚Äôt letting regular people resell. It seems like the only resell tickets available are from Ticketmaster themselves, or ticket brokers.",sza,t3_zqvlfi,2023-01-07 05:31:53,SZA,0.63782936,toxic
"""I am here to meet with your son, I have some work with him""

*I say surprised at the size of her huge tits*",CelebrityMommy,t3_17jneyp,2023-10-30 08:22:06,Billie Eilish,0.7308154,toxic
‚ÄúSo‚Ä¶uh just sex or some foreplay too?‚Äù,Celebrity_Fantasies,t3_181m4wj,2023-11-23 02:06:37,Dua Lipa,0.5024724,toxic
WHO TF IS VOTING FOR HOSTAGE???,billieeilish,t3_zw6xaz,2023-01-06 22:26:34,Billie Eilish,0.4014846,toxic
"Wowow freaking love Oohyo and The Black Skirts!! Quality indie/rnb music incoming. Probably means that this has more of a low-key, chill, ""homemade"" vibe than something commercial. Love love love!",NewJeans,t3_zki9dx,2023-01-07 16:09:27,New Jeans,0.4013387,toxic
"""I'm just teaching you a lesson""


*I say as I grab your hair harder and pull your head closer to me . Before slapping your face using my dick*",Celebrity_Fantasies,t3_16brdma,2023-09-09 12:31:55,Dua Lipa,0.83334327,toxic
"""Hey hey it's okay love, we'll pick out another dress, together"" I hug you ""At least I was honest"" I kiss your forehead",Celebrity_Fantasies,t3_15u1986,2023-08-19 05:06:30,Olivia Rodrigo,0.43965456,toxic
Never knew she was carrying all that ass ü•µü•µ,CelebrityButts,t3_186x0gb,2023-11-30 12:23:42,Dua Lipa,0.75208336,toxic
Ariana can't sing for shit. All filters and flat chest slut outfits,CelebBattles,t3_10olxa8,2023-02-11 03:26:46,Ariana Grande,0.9391453,toxic
He's also racist towards black women but the white women who lust after his boogawoof ass of course don't give a damn about that.,popculturechat,t3_1553hfc,2023-07-21 06:06:40,Ariana Grande,0.8460273,toxic
Hmmmmm yess fuck me literally with your foot shove it down my hoipussy,CelebrityMommy,t3_12lni9m,2023-06-23 15:12:04,Ariana Grande,0.8778702,toxic
Oh yes i live yo suck mommy boots,DuaLipaFapClub,t3_18drrls,2023-12-08 18:10:14,Dua Lipa,0.8460273,toxic
I would slap it on that tongue üíÄ,dualipa,t3_zkfpkp,2023-01-07 13:30:09,Dua Lipa,0.6308517,toxic
‚ÄúWe will see about that‚Äù Thinking I‚Äôm stronger I push you against the wall and fuck the phone I don‚Äôt need that I try to take of your pants bit before I can you‚Ä¶,celebritysister3,t3_14bj27y,2023-06-17 21:26:02,Billie Eilish,0.7998551,toxic
I put on lingerie ‚ÄúI can‚Äôt wait for the doggy dick!‚Äù,Celebrity_Fantasies,t3_16e5c2z,2023-09-09 17:27:06,Olivia Rodrigo,0.71760553,toxic
"Alright, I'll bite: what the fuck is ""Filipino"", is that like Hawaiian...??",popheadscirclejerk,t3_16i48aa,2023-09-14 03:06:10,Olivia Rodrigo,0.8299589,toxic
No way! Someone tell me that‚Äôs really her pussy! ü•µ,DuaLipaFapClub,t3_155cpim,2023-07-21 20:53:48,Dua Lipa,0.7856813,toxic
She's in the perfect position for a sloppy titfuck and a thick massive facial at the end! üçÜüí¶,BillieEilishGW,t3_188twot,2023-12-02 07:06:07,Billie Eilish,0.7510937,toxic
"I start thrusting.. ""How hard do you want daddy to fuck you?""",Celebrity_Fantasies,t3_185o1we,2023-11-28 05:19:59,Ariana Grande,0.8299589,toxic
*ny hand glides up her leg to her shaven pussy and sees she isn‚Äôt joking*,CelebrityMommy,t3_11pgao9,2023-04-12 00:09:38,Dua Lipa,0.7675452,toxic
Well i hope you cum quickly. I say as i bend down and start sucking on your dick.,CelebrityMommy,t3_13zvvgv,2023-06-04 04:44:46,Dua Lipa,0.7998551,toxic
Who's breasts are better? Olivia's in these pictures.,celebrities,t3_18rp2xw,2023-12-27 02:26:51,Olivia Rodrigo,0.6027529,toxic
Sounds legit though. That song sucks real bad.,Music,t3_10mqrd1,2023-02-11 05:56:15,Rihanna,0.7701451,toxic
I mean her face looks like an ass. There's that.,CelebrityButts,t3_185bilc,2023-11-28 12:16:18,Billie Eilish,0.8540474,toxic
"‚ÄúHahaha ‚Äòmy fat, girl ,ass cheeks‚Äô that‚Äôs good. I‚Äôll get someone from the crowd later to take a picture of your girl ass and I‚Äôll happily get some of my slaves to photoshop those words on your two fat cheeks‚Äù Olivia laughs ‚Äúright, we‚Äôll if you think you deserve it then I can‚Äôt decline can I.‚Äù Say‚Äôs Olivia right before she grabs a chair. She sits down in the chair, forces you over her lap like a stereotypical spanking with your face to the crowd and she just goes to town. Spanking you as hard as she can with her hands as your ass cheeks laughably ripple and jiggle after every spank. ‚Äúbad boy, bad bad BAD BOY!!!‚Äù",Celebrity_Fantasies,t3_16r6ikd,2023-09-24 21:03:42,Olivia Rodrigo,0.71760553,toxic
OMFG she's so hot üòçüî•,ArianaGrandeLewd,t3_1342ksu,2023-06-25 23:50:17,Ariana Grande,0.44393396,toxic
ASAP Rocky is notoriously a sex addict,popheads,t3_110ys7s,2023-03-07 20:15:47,Rihanna,0.62136006,toxic
"IR gangbang public humiliation porn.  Like, 6 guys do her in front of a concert (special adults only show, no one under 18 admitted) crowd.  The cheers would be deafening.",ArianaGrandeLewd,t3_17aefz1,2023-10-18 17:28:53,Ariana Grande,0.584095,toxic
God I hate Rihanna. What a garbage person,popculturechat,t3_110w38q,2023-03-07 20:54:50,Rihanna,0.89241093,toxic
"""You're such a tease, sis... I hope I don't pop a boner while we're out with mom and dad...""",CelebritySisters2,t3_11gkbaz,2023-04-12 13:35:41,Olivia Rodrigo,0.6426206,toxic
"I‚Äôd moan softly as i shoot out a big load, covering your Ahegao face and filling your mouth up as i hadn‚Äôt have nutted in a few days",Celebrity_Fantasies,t3_15r4cc1,2023-08-15 06:30:35,Olivia Rodrigo,0.6989911,toxic
"super agreed. i don‚Äôt even think the song is slut shaming, it‚Äôs a diss track for someone who was going after her boyfriend. and yes the partner isn‚Äôt excused either!",TaylorSwift,t3_141lb1w,2023-06-05 19:56:26,Taylor Swift,0.54823303,toxic
fuck... that pic bro üõê,BillieEilishBoobs,t3_10jlizf,2023-02-11 10:43:30,Billie Eilish,0.9061063,toxic
"But...you kicked me out of the house for the day! Because you wanted some ""alone time"" with your boyfriend....don't tell me he's still a two-pump chump?!",CelebrityMommy,t3_14ezwvn,2023-06-21 10:56:01,Billie Eilish,0.47473195,toxic
‚ÄúGood cuz this bitch needs your big cock daddy‚Äù I text,Celebrity_Fantasies,t3_185o1we,2023-11-28 05:05:16,Ariana Grande,0.88599813,toxic
Your wet fresh girl https://linktr.ee/sweet_baby43,KpopSexy,t3_16lb60p,2023-09-18 22:45:05,New Jeans,0.40336934,toxic
"I clean your sweaty body. Your cock is still rock hard. ""Do you know the advantage of being two heads smaller than the guy?""",Celebrity_Fantasies,t3_150zn6h,2023-07-16 10:42:36,Billie Eilish,0.73663366,toxic
I'm literally throbbing just THINKING about her butt taste ü•µ,DuaLipaFapClub,t3_13iro96,2023-06-27 06:30:27,Dua Lipa,0.6611249,toxic
I wanna smell her butt,DuaLipaFapClub,t3_18g6zvn,2023-12-12 03:35:57,Dua Lipa,0.7308154,toxic
God I'd love to use that hair as a handle bar and leave her face a full mess,ArianaGrandeLewd,t3_zy1fp3,2023-01-06 19:26:35,Ariana Grande,0.50789946,toxic
Where did she says she‚Äôs a porn addict ?,BillieEilishGW,t3_16b4j4c,2023-09-06 00:44:13,Billie Eilish,0.44573322,toxic
"damn I was gonna post this one with the caption ""me omw to the bathroom sink to spit his load after he nutted in my mouth""",popheadscirclejerk,t3_16rasj8,2023-09-24 22:45:24,Miley Cyrus,0.681338,toxic
"I loved the target cover, and while the main sour cover is awesome too, I feel the target encapsulates the album better. And honestly address the top complaint about her album, that it‚Äôs typical melodramatic teenage problems. Target cover is like ‚Äúyeah I have this birthday party, it‚Äôs cute, I‚Äôm dressed cute, but I feel like shit and I can‚Äôt help it ü§∑‚Äç‚ôÄÔ∏è‚Äù",OliviaRodrigo,t3_148j6ry,2023-06-13 18:30:01,Olivia Rodrigo,0.50503236,toxic
Would love to cover those beautiful big its in cum,BillieEilishBoobs,t3_14c9poo,2023-06-18 10:26:42,Billie Eilish,0.6308517,toxic
( I stand there helpless laodly moaning but not at all of pleasure trying my best not to give you a blowjob still crying),Celebrity_Fantasies,t3_15tji4u,2023-08-20 18:37:57,Olivia Rodrigo,0.76197964,toxic
This is the hottest she's ever looked,DuaLipaFapClub,t3_105lfzh,2023-02-12 07:22:12,Dua Lipa,0.42568782,toxic
"You‚Äôre just making shit up now, lmao.",billieeilish,t3_zsq1j1,2023-01-07 01:36:46,Billie Eilish,0.8403191,toxic
Watch (and &burn),billieeilish,t3_15k4d1t,2023-08-07 10:54:20,Billie Eilish,0.47900817,toxic
"I try to lay and sunbath but I can't stop looking at your huge milkers, I decide to start a conversation to calm down my raging boner 

""Soooo you're trying to get some tan sis?""

I try to look into your eyes but my sight quickly get back to your chest and unknowingly I lick my lips",Celebrity_Fantasies,t3_1739wrd,2023-10-23 04:43:33,Billie Eilish,0.6407703,toxic
"I feel an urge and feeling in my throat for her thick long tongue. As she gets closer, damn.",ArianaGrandeLewd,t3_127lw1d,2023-04-10 22:15:38,Ariana Grande,0.68408644,toxic
"I grab your hair instead and drag you inside, up the stairs and onto my bed before letting go of your hair and looking the door. ""You need to give me some fucking respect. And I'm gonna help you with it. Starting by fucking this bratty behavior out of you!""",Celebrity_Fantasies,t3_14x14qh,2023-07-11 20:37:46,Taylor Swift,0.8364697,toxic
she used to be so hot,ArianaGrande,t3_17ybl2w,2023-11-18 20:39:50,Ariana Grande,0.4269174,toxic
"I will cum for u fuck 

I moan and look at u as u jerk me",CelebritySisters2,t3_114hdd4,2023-03-07 13:59:32,Ariana Grande,0.78855824,toxic
She makes me throb with that perfect fuckable body,ArianaGrandeLewd,t3_16aaalt,2023-09-05 01:36:35,Ariana Grande,0.76197964,toxic
Dm me all she made my cock so hard,DuaLipaFapClub,t3_10c22h3,2023-02-11 21:25:34,Dua Lipa,0.7308154,toxic
I wouldn‚Äôt watch that nasty shit.  Find it your self meat gazer,celebrities,t3_11mftcb,2023-04-12 04:52:37,Miley Cyrus,0.91625386,toxic
"What do you think of Reddit weirdos pretending to be Ariana Grande for an AMA? Do you think they've fallen way too deep into porn addiction? If all their friends and family knew what they were up to, do you think they'd be ashamed of themselves?",ArianaGrandeLewd,t3_15jbxtw,2023-08-06 08:18:36,Ariana Grande,0.46186632,toxic
"I pull out of your ass and slide back into your stretched pussy ‚Äúhmm not good enough, more‚Äù",Celebrity_Fantasies,t3_17pvpr5,2023-11-07 20:02:54,Ariana Grande,0.8299589,toxic
It's a play on the term star fucker. It's referring to someone who sleeps with celebrities to feel cool & important.,OliviaRodrigo,t3_16h1c5o,2023-09-12 22:30:34,Olivia Rodrigo,0.7105462,toxic
"She blushes and tries to refuse but the neck kisses and constantly loneliness cause her to go for it ""Fine, we'll have revenge sex""",Celebrity_Fantasies,t3_14de3g1,2023-06-19 13:56:04,Olivia Rodrigo,0.5532103,toxic
DAMM ID SMASH THAT ASS,BillieEilishGW,t3_16b5mj5,2023-09-06 14:17:54,Billie Eilish,0.85173553,toxic
She should just done the performance naked,OliviaRodrigoNSFW,t3_10jls41,2023-02-11 03:29:29,Olivia Rodrigo,0.50789946,toxic
"It‚Äôs one of the songs that on second listen I was like damn this is fire, and it‚Äôs been a fave ever since.",OliviaRodrigo,t3_18dxj6m,2023-12-09 03:46:43,Olivia Rodrigo,0.44002727,toxic
Flattest ass ü´°,popculturechat,t3_180rf12,2023-11-21 23:58:37,Miley Cyrus,0.7856813,toxic
i want her to use my face as a toilet seat,CelebrityButts,t3_11uxzvq,2023-04-11 15:41:44,Rihanna,0.47886392,toxic
I wanna put my dick on her tongue,BillieEilishGW,t3_15tov1g,2023-08-18 19:56:22,Billie Eilish,0.78207105,toxic
"Height and ‚Äúsize‚Äù. The two LITERALLY uncontrollable and unchangeable things about a man‚Äôs body, and that‚Äôs what they target. Doesn‚Äôt help that porn has completely rotted the brain of 80% of men and women so they think EVERYONE should be hung",billieeilish,t3_17uvx1l,2023-11-14 16:09:47,Billie Eilish,0.47173777,toxic
"She doesn‚Äôt owe anyone a tour though. She can do whatever the fuck she wants. Would people rather her not release any music at all, instead of releasing an album she doesn‚Äôt tour for?",popculturechat,t3_13qpomv,2023-06-27 11:25:16,Miley Cyrus,0.74954444,toxic
I let out silented from your balls scream as I feel like my jaw is dislocating to accommodate your testicle,CelebrityMommy,t3_11eod8o,2023-04-12 15:40:27,Billie Eilish,0.8299589,toxic
"I think she was happiest when it was just her fandom. All the attention brought a whole new set of eyeballs and a lot of those people were only there for the hate. just read the comments on her Instagram posts. I mean a lot of them are heart emojis and stuff but there's a lot of crap in there. not just her but for all the artists at her level. no wonder they wanted to keep a low profile. I certainly couldn't handle that. and the way so many people feel obliged to talk shit about her boyfriend, no thank you.",billieeilish,t3_1312bbn,2023-06-25 13:34:50,Billie Eilish,0.5532103,toxic
Just cannot stop jerking off to her,DuaLipaFapClub,t3_1214orh,2023-04-11 06:18:59,Dua Lipa,0.568186,toxic
She is perfect! So are her tits!,CelebsWithPetiteTits,t3_10m3bw3,2023-02-11 07:13:47,Ariana Grande,0.6863638,toxic
Cum on her belly by surprise?,DuaLipaFapClub,t3_168jscv,2023-09-03 10:55:18,Dua Lipa,0.6407703,toxic
"Fck is he chatting about , reworking something that comes out in a week lol",Drizzy,t3_16i7mjg,2023-09-14 04:08:21,SZA,0.56269526,toxic
"‚ÄúOmg of course this bullshit is going to go in and on and on. Ugghhh why ? This ummmm is a‚Ä¶‚Ä¶bunch‚Ä¶‚Ä¶..of‚Ä¶‚Ä¶.rubbi-‚Äú Olivia start‚Äôs to go on one  of her bratty rants but finds herself getting more and more distracted by your watch. Unable to even Finnish her sentence, let alone her whole whiny monologue. She stare‚Äôs deeply into the watch",Celebrity_Fantasies,t3_16vej07,2023-09-29 16:11:13,Olivia Rodrigo,0.78711975,toxic
"Fuck yeah, it must be a heaven ü•µ‚ù§Ô∏è",ArianaGrandeLewd,t3_12bbcgk,2023-06-22 01:22:01,Ariana Grande,0.75208336,toxic
"Oh Ariana, your pussy is so tight!",ArianaGrandeLewd,t3_17wntsm,2023-11-16 20:53:32,Ariana Grande,0.7570315,toxic
"You guys are awesome, but fuck you!",Music,t3_13o2cj0,2023-06-27 07:27:39,Miley Cyrus,0.944597,toxic
"The tattoo artist in question did her back tattoo it seems. That is legit the *only* public link between the two of them. But I guess, to the morons in this community, that means ‚Äúooh, they‚Äôve gotta be fucking.‚Äù",billieeilish,t3_17btg3f,2023-10-20 04:32:17,Billie Eilish,0.83334327,toxic
"It's fucked up, but I remember back in my school days, most 1-16 year old girls where dating 19-22 (sometimes 24 year olds) year olds. It's something that happens way too often, but never seemed normal to me.",popculturechat,t3_13k9f5x,2023-06-27 01:07:35,Billie Eilish,0.6667219,toxic
I don't do a video call but we can jerk off together,BillieEilishBoobs,t3_11usrcg,2023-04-11 15:49:30,Billie Eilish,0.52272606,toxic
"‚ÄúYou‚Äôd better not be a cunty ottoman when I come back‚Äù

Me:

https://preview.redd.it/jfiu95nxy1kb1.jpeg?width=1502&format=pjpg&auto=webp&s=46e7a88724be7f9b39784ed879194e29cf4fc88b",popculturechat,t3_1600ojw,2023-08-24 12:35:26,Dua Lipa,0.53579444,toxic
"For sure, and I 100% agree with you. That‚Äôs also far from being the best parenting and I‚Äôm not defending it. I‚Äôm just playing devil‚Äôs advocate because the consensus of this seems to be: ‚Äúohmygahd she a psychopath monster, run away and cut off all ties with her‚Äù",billieeilish,t3_187zkre,2023-12-01 15:09:29,Billie Eilish,0.47119883,toxic
"Ugh, religion ruins literally *everything* üò≠",popheads,t3_16coidf,2023-09-08 18:07:06,Olivia Rodrigo,0.45921504,toxic
"hard to choose, I would love to tittyfuck all of them, but if I have to choose... it is Kate Upton. It would be a dream to fuck her big tits and cum between them",CelebWouldYouRather,t3_1846cve,2023-11-26 13:43:02,Billie Eilish,0.6667219,toxic
‚ÄúI know what i said this isn‚Äôt that stop please aahh fuck your so big‚Äù,CelebritySisters2,t3_12ucwt0,2023-04-22 09:41:52,Ariana Grande,0.85333383,toxic
"‚ÄúShit, but what if you get me pregnant? You know what, it doesn‚Äôt matter‚Äù I tighten my legs, griping your cock even harder",CelebrityMommy,t3_10fsbu5,2023-02-11 16:36:40,Dua Lipa,0.75208336,toxic
She looks sick,popheadscirclejerk,t3_17qqft9,2023-11-09 16:28:10,Ariana Grande,0.4421347,toxic
Guys we're so dumb they never specified the year üôÑüôÑüôÑ the emails are coming 2025!!!,OliviaRodrigo,t3_16hnyj6,2023-09-21 01:33:37,Olivia Rodrigo,0.6544696,toxic
"Don't matter. The gays are using the rainbow so it must be bad. Seriously, I wish they didn't and came up with something else but that's not the point.",Music,t3_1257k7p,2023-04-11 01:03:16,Miley Cyrus,0.52007306,toxic
"That little side tit short, mmmmm, so sexy!‚ù§Ô∏èüî•‚öΩÔ∏è‚öΩÔ∏èüëÖüçÜ",ArianaGrandeLewd,t3_15n0f6y,2023-08-13 16:08:31,Ariana Grande,0.62702215,toxic
"^[Sokka-Haiku](https://www.reddit.com/r/SokkaHaikuBot/comments/15kyv9r/what_is_a_sokka_haiku/?utm_source=share&utm_medium=web2x&context=3) ^by ^Illustrious_South135:

*Rachel, covering*

*Her toes with cum and making*

*Her sick her toes after*

---
^Remember ^that ^one ^time ^Sokka ^accidentally ^used ^an ^extra ^syllable ^in ^that ^Haiku ^Battle ^in ^Ba ^Sing ^Se? ^That ^was ^a ^Sokka ^Haiku ^and ^you ^just ^made ^one.",CelebWouldYouRather,t3_161gna9,2023-08-26 05:23:42,Billie Eilish,0.4269174,toxic
Being blonde makes you into a slut idk what it is,BillieEilishGW,t3_17uapl1,2023-11-13 21:31:24,Billie Eilish,0.85333383,toxic
"Is it just me, or does every guy she date end up mentally unstable for a bit after they break up? It's as if she's cursed.",popculturechat,t3_154tsst,2023-07-21 02:22:23,Ariana Grande,0.47473195,toxic
Making sure SHE gets the deals before the other hoes can get a chance,OliviaRodrigoNSFW,t3_111lsk9,2023-03-07 11:50:51,Olivia Rodrigo,0.4014846,toxic
